_key,iso3,name,native,phone/0,continent,capital,currency/0,languages/0,languages/1,languages/2,languages/3,partOf,continents/0,continents/1,currency/1,languages/4,currency/2,phone/1,phone/2,phone/3,userAssigned,languages/5,languages/6,languages/7,languages/8,languages/9,currency/3,currency/4,currency/5,currency/6,currency/7
AD,AND,Andorra,Andorra,376,EU,Andorra la Vella,EUR,ca,,,,,,,,,,,,,,,,,,,,,,,
AE,ARE,United Arab Emirates,دولة الإمارات العربية المتحدة,971,AS,Abu Dhabi,AED,ar,,,,,,,,,,,,,,,,,,,,,,,
AF,AFG,Afghanistan,افغانستان,93,AS,Kabul,AFN,ps,fa,uz,tk,,,,,,,,,,,,,,,,,,,,
AG,ATG,Antigua and Barbuda,Antigua and Barbuda,1268,NA,Saint John's,XCD,en,,,,,,,,,,,,,,,,,,,,,,,
AI,AIA,Anguilla,Anguilla,1264,NA,The Valley,XCD,en,,,,,,,,,,,,,,,,,,,,,,,
AL,ALB,Albania,Shqipëria,355,EU,Tirana,ALL,sq,,,,,,,,,,,,,,,,,,,,,,,
AM,ARM,Armenia,Հայաստան,374,AS,Yerevan,AMD,hy,ru,,,,,,,,,,,,,,,,,,,,,,
AO,AGO,Angola,Angola,244,AF,Luanda,AOA,pt,,,,,,,,,,,,,,,,,,,,,,,
AQ,ATA,Antarctica,Antarctica,672,AN,,,,,,,,,,,,,,,,,,,,,,,,,,
AR,ARG,Argentina,Argentina,54,SA,Buenos Aires,ARS,es,gn,,,,,,,,,,,,,,,,,,,,,,
AS,ASM,American Samoa,American Samoa,1684,OC,Pago Pago,USD,en,sm,,,,,,,,,,,,,,,,,,,,,,
AT,AUT,Austria,Österreich,43,EU,Vienna,EUR,de,,,,,,,,,,,,,,,,,,,,,,,
AU,AUS,Australia,Australia,61,OC,Canberra,AUD,en,,,,,,,,,,,,,,,,,,,,,,,
AW,ABW,Aruba,Aruba,297,NA,Oranjestad,AWG,nl,pa,,,,,,,,,,,,,,,,,,,,,,
AX,ALA,Aland,Åland,358,EU,Mariehamn,EUR,sv,,,,FI,,,,,,,,,,,,,,,,,,,
AZ,AZE,Azerbaijan,Azərbaycan,994,AS,Baku,AZN,az,,,,,AS,EU,,,,,,,,,,,,,,,,,
BA,BIH,Bosnia and Herzegovina,Bosna i Hercegovina,387,EU,Sarajevo,BAM,bs,hr,sr,,,,,,,,,,,,,,,,,,,,,
BB,BRB,Barbados,Barbados,1246,NA,Bridgetown,BBD,en,,,,,,,,,,,,,,,,,,,,,,,
BD,BGD,Bangladesh,Bangladesh,880,AS,Dhaka,BDT,bn,,,,,,,,,,,,,,,,,,,,,,,
BE,BEL,Belgium,België,32,EU,Brussels,EUR,nl,fr,de,,,,,,,,,,,,,,,,,,,,,
BF,BFA,Burkina Faso,Burkina Faso,226,AF,Ouagadougou,XOF,fr,ff,,,,,,,,,,,,,,,,,,,,,,
BG,BGR,Bulgaria,България,359,EU,Sofia,BGN,bg,,,,,,,,,,,,,,,,,,,,,,,
BH,BHR,Bahrain,‏البحرين,973,AS,Manama,BHD,ar,,,,,,,,,,,,,,,,,,,,,,,
BI,BDI,Burundi,Burundi,257,AF,Gitega,BIF,fr,rn,,,,,,,,,,,,,,,,,,,,,,
BJ,BEN,Benin,Bénin,229,AF,Porto-Novo,XOF,fr,,,,,,,,,,,,,,,,,,,,,,,
BL,BLM,Saint Barthelemy,Saint-Barthélemy,590,NA,Gustavia,EUR,fr,,,,,,,,,,,,,,,,,,,,,,,
BM,BMU,Bermuda,Bermuda,1441,NA,Hamilton,BMD,en,,,,,,,,,,,,,,,,,,,,,,,
BN,BRN,Brunei,Negara Brunei Darussalam,673,AS,Bandar Seri Begawan,BND,ms,,,,,,,,,,,,,,,,,,,,,,,
BO,BOL,Bolivia,Bolivia,591,SA,Sucre,BOB,es,ay,qu,,,,,BOV,,,,,,,,,,,,,,,,
BQ,BES,Bonaire,Bonaire,5997,NA,Kralendijk,USD,nl,,,,,,,,,,,,,,,,,,,,,,,
BR,BRA,Brazil,Brasil,55,SA,Brasília,BRL,pt,,,,,,,,,,,,,,,,,,,,,,,
BS,BHS,Bahamas,Bahamas,1242,NA,Nassau,BSD,en,,,,,,,,,,,,,,,,,,,,,,,
BT,BTN,Bhutan,ʼbrug-yul,975,AS,Thimphu,BTN,dz,,,,,,,INR,,,,,,,,,,,,,,,,
BV,BVT,Bouvet Island,Bouvetøya,47,AN,,NOK,no,nb,nn,,,,,,,,,,,,,,,,,,,,,
BW,BWA,Botswana,Botswana,267,AF,Gaborone,BWP,en,tn,,,,,,,,,,,,,,,,,,,,,,
BY,BLR,Belarus,Беларусь,375,EU,Minsk,BYN,be,ru,,,,,,,,,,,,,,,,,,,,,,
BZ,BLZ,Belize,Belize,501,NA,Belmopan,BZD,en,es,,,,,,,,,,,,,,,,,,,,,,
CA,CAN,Canada,Canada,1,NA,Ottawa,CAD,en,fr,,,,,,,,,,,,,,,,,,,,,,
CC,CCK,Cocos (Keeling) Islands,Cocos (Keeling) Islands,61,AS,West Island,AUD,en,,,,,,,,,,,,,,,,,,,,,,,
CD,COD,Democratic Republic of the Congo,République démocratique du Congo,243,AF,Kinshasa,CDF,fr,ln,kg,sw,,,,,lu,,,,,,,,,,,,,,,
CF,CAF,Central African Republic,Ködörösêse tî Bêafrîka,236,AF,Bangui,XAF,fr,sg,,,,,,,,,,,,,,,,,,,,,,
CG,COG,Republic of the Congo,République du Congo,242,AF,Brazzaville,XAF,fr,ln,,,,,,,,,,,,,,,,,,,,,,
CH,CHE,Switzerland,Schweiz,41,EU,Bern,CHF,de,fr,it,,,,,CHE,,CHW,,,,,,,,,,,,,,
CI,CIV,Ivory Coast,Côte d'Ivoire,225,AF,Yamoussoukro,XOF,fr,,,,,,,,,,,,,,,,,,,,,,,
CK,COK,Cook Islands,Cook Islands,682,OC,Avarua,NZD,en,,,,,,,,,,,,,,,,,,,,,,,
CL,CHL,Chile,Chile,56,SA,Santiago,CLF,es,,,,,,,CLP,,,,,,,,,,,,,,,,
CM,CMR,Cameroon,Cameroon,237,AF,Yaoundé,XAF,en,fr,,,,,,,,,,,,,,,,,,,,,,
CN,CHN,China,中国,86,AS,Beijing,CNY,zh,,,,,,,,,,,,,,,,,,,,,,,
CO,COL,Colombia,Colombia,57,SA,Bogotá,COP,es,,,,,,,,,,,,,,,,,,,,,,,
CR,CRI,Costa Rica,Costa Rica,506,NA,San José,CRC,es,,,,,,,,,,,,,,,,,,,,,,,
CU,CUB,Cuba,Cuba,53,NA,Havana,CUP,es,,,,,,,,,,,,,,,,,,,,,,,
CV,CPV,Cape Verde,Cabo Verde,238,AF,Praia,CVE,pt,,,,,,,,,,,,,,,,,,,,,,,
CW,CUW,Curacao,Curaçao,5999,NA,Willemstad,ANG,nl,pa,en,,,,,,,,,,,,,,,,,,,,,
CX,CXR,Christmas Island,Christmas Island,61,AS,Flying Fish Cove,AUD,en,,,,,,,,,,,,,,,,,,,,,,,
CY,CYP,Cyprus,Κύπρος,357,EU,Nicosia,EUR,el,tr,hy,,,,,,,,,,,,,,,,,,,,,
CZ,CZE,Czech Republic,Česká republika,420,EU,Prague,CZK,cs,,,,,,,,,,,,,,,,,,,,,,,
DE,DEU,Germany,Deutschland,49,EU,Berlin,EUR,de,,,,,,,,,,,,,,,,,,,,,,,
DJ,DJI,Djibouti,Djibouti,253,AF,Djibouti,DJF,fr,ar,,,,,,,,,,,,,,,,,,,,,,
DK,DNK,Denmark,Danmark,45,EU,Copenhagen,DKK,da,,,,,EU,NA,,,,,,,,,,,,,,,,,
DM,DMA,Dominica,Dominica,1767,NA,Roseau,XCD,en,,,,,,,,,,,,,,,,,,,,,,,
DO,DOM,Dominican Republic,República Dominicana,1809,NA,Santo Domingo,DOP,es,,,,,,,,,,1829,1849,,,,,,,,,,,,
DZ,DZA,Algeria,الجزائر,213,AF,Algiers,DZD,ar,,,,,,,,,,,,,,,,,,,,,,,
EC,ECU,Ecuador,Ecuador,593,SA,Quito,USD,es,,,,,,,,,,,,,,,,,,,,,,,
EE,EST,Estonia,Eesti,372,EU,Tallinn,EUR,et,,,,,,,,,,,,,,,,,,,,,,,
EG,EGY,Egypt,مصر‎,20,AF,Cairo,EGP,ar,,,,,AF,AS,,,,,,,,,,,,,,,,,
EH,ESH,Western Sahara,الصحراء الغربية,212,AF,El Aaiún,MAD,es,,,,,,,DZD,,MRU,,,,,,,,,,,,,,
ER,ERI,Eritrea,ኤርትራ,291,AF,Asmara,ERN,ti,ar,en,,,,,,,,,,,,,,,,,,,,,
ES,ESP,Spain,España,34,EU,Madrid,EUR,es,eu,ca,gl,,,,,oc,,,,,,,,,,,,,,,
ET,ETH,Ethiopia,ኢትዮጵያ,251,AF,Addis Ababa,ETB,am,,,,,,,,,,,,,,,,,,,,,,,
FI,FIN,Finland,Suomi,358,EU,Helsinki,EUR,fi,sv,,,,,,,,,,,,,,,,,,,,,,
FJ,FJI,Fiji,Fiji,679,OC,Suva,FJD,en,fj,hi,ur,,,,,,,,,,,,,,,,,,,,
FK,FLK,Falkland Islands,Falkland Islands,500,SA,Stanley,FKP,en,,,,,,,,,,,,,,,,,,,,,,,
FM,FSM,Micronesia,Micronesia,691,OC,Palikir,USD,en,,,,,,,,,,,,,,,,,,,,,,,
FO,FRO,Faroe Islands,Føroyar,298,EU,Tórshavn,DKK,fo,,,,,,,,,,,,,,,,,,,,,,,
FR,FRA,France,France,33,EU,Paris,EUR,fr,,,,,,,,,,,,,,,,,,,,,,,
GA,GAB,Gabon,Gabon,241,AF,Libreville,XAF,fr,,,,,,,,,,,,,,,,,,,,,,,
GB,GBR,United Kingdom,United Kingdom,44,EU,London,GBP,en,,,,,,,,,,,,,,,,,,,,,,,
GD,GRD,Grenada,Grenada,1473,NA,St. George's,XCD,en,,,,,,,,,,,,,,,,,,,,,,,
GE,GEO,Georgia,საქართველო,995,AS,Tbilisi,GEL,ka,,,,,AS,EU,,,,,,,,,,,,,,,,,
GF,GUF,French Guiana,Guyane française,594,SA,Cayenne,EUR,fr,,,,,,,,,,,,,,,,,,,,,,,
GG,GGY,Guernsey,Guernsey,44,EU,St. Peter Port,GBP,en,fr,,,,,,,,,,,,,,,,,,,,,,
GH,GHA,Ghana,Ghana,233,AF,Accra,GHS,en,,,,,,,,,,,,,,,,,,,,,,,
GI,GIB,Gibraltar,Gibraltar,350,EU,Gibraltar,GIP,en,,,,,,,,,,,,,,,,,,,,,,,
GL,GRL,Greenland,Kalaallit Nunaat,299,NA,Nuuk,DKK,kl,,,,,,,,,,,,,,,,,,,,,,,
GM,GMB,Gambia,Gambia,220,AF,Banjul,GMD,en,,,,,,,,,,,,,,,,,,,,,,,
GN,GIN,Guinea,Guinée,224,AF,Conakry,GNF,fr,ff,,,,,,,,,,,,,,,,,,,,,,
GP,GLP,Guadeloupe,Guadeloupe,590,NA,Basse-Terre,EUR,fr,,,,,,,,,,,,,,,,,,,,,,,
GQ,GNQ,Equatorial Guinea,Guinea Ecuatorial,240,AF,Malabo,XAF,es,fr,,,,,,,,,,,,,,,,,,,,,,
GR,GRC,Greece,Ελλάδα,30,EU,Athens,EUR,el,,,,,,,,,,,,,,,,,,,,,,,
GS,SGS,South Georgia and the South Sandwich Islands,South Georgia,500,AN,King Edward Point,GBP,en,,,,,,,,,,,,,,,,,,,,,,,
GT,GTM,Guatemala,Guatemala,502,NA,Guatemala City,GTQ,es,,,,,,,,,,,,,,,,,,,,,,,
GU,GUM,Guam,Guam,1671,OC,Hagåtña,USD,en,ch,es,,,,,,,,,,,,,,,,,,,,,
GW,GNB,Guinea-Bissau,Guiné-Bissau,245,AF,Bissau,XOF,pt,,,,,,,,,,,,,,,,,,,,,,,
GY,GUY,Guyana,Guyana,592,SA,Georgetown,GYD,en,,,,,,,,,,,,,,,,,,,,,,,
HK,HKG,Hong Kong,香港,852,AS,City of Victoria,HKD,zh,en,,,,,,,,,,,,,,,,,,,,,,
HM,HMD,Heard Island and McDonald Islands,Heard Island and McDonald Islands,61,AN,,AUD,en,,,,,,,,,,,,,,,,,,,,,,,
HN,HND,Honduras,Honduras,504,NA,Tegucigalpa,HNL,es,,,,,,,,,,,,,,,,,,,,,,,
HR,HRV,Croatia,Hrvatska,385,EU,Zagreb,EUR,hr,,,,,,,,,,,,,,,,,,,,,,,
HT,HTI,Haiti,Haïti,509,NA,Port-au-Prince,HTG,fr,ht,,,,,,USD,,,,,,,,,,,,,,,,
HU,HUN,Hungary,Magyarország,36,EU,Budapest,HUF,hu,,,,,,,,,,,,,,,,,,,,,,,
ID,IDN,Indonesia,Indonesia,62,AS,Jakarta,IDR,id,,,,,,,,,,,,,,,,,,,,,,,
IE,IRL,Ireland,Éire,353,EU,Dublin,EUR,ga,en,,,,,,,,,,,,,,,,,,,,,,
IL,ISR,Israel,יִשְׂרָאֵל,972,AS,Jerusalem,ILS,he,ar,,,,,,,,,,,,,,,,,,,,,,
IM,IMN,Isle of Man,Isle of Man,44,EU,Douglas,GBP,en,gv,,,,,,,,,,,,,,,,,,,,,,
IN,IND,India,भारत,91,AS,New Delhi,INR,hi,en,,,,,,,,,,,,,,,,,,,,,,
IO,IOT,British Indian Ocean Territory,British Indian Ocean Territory,246,AS,Diego Garcia,USD,en,,,,,,,,,,,,,,,,,,,,,,,
IQ,IRQ,Iraq,العراق,964,AS,Baghdad,IQD,ar,ku,,,,,,,,,,,,,,,,,,,,,,
IR,IRN,Iran,ایران,98,AS,Tehran,IRR,fa,,,,,,,,,,,,,,,,,,,,,,,
IS,ISL,Iceland,Ísland,354,EU,Reykjavik,ISK,is,,,,,,,,,,,,,,,,,,,,,,,
IT,ITA,Italy,Italia,39,EU,Rome,EUR,it,,,,,,,,,,,,,,,,,,,,,,,
JE,JEY,Jersey,Jersey,44,EU,Saint Helier,GBP,en,fr,,,,,,,,,,,,,,,,,,,,,,
JM,JAM,Jamaica,Jamaica,1876,NA,Kingston,JMD,en,,,,,,,,,,,,,,,,,,,,,,,
JO,JOR,Jordan,الأردن,962,AS,Amman,JOD,ar,,,,,,,,,,,,,,,,,,,,,,,
JP,JPN,Japan,日本,81,AS,Tokyo,JPY,ja,,,,,,,,,,,,,,,,,,,,,,,
KE,KEN,Kenya,Kenya,254,AF,Nairobi,KES,en,sw,,,,,,,,,,,,,,,,,,,,,,
KG,KGZ,Kyrgyzstan,Кыргызстан,996,AS,Bishkek,KGS,ky,ru,,,,,,,,,,,,,,,,,,,,,,
KH,KHM,Cambodia,កម្ពុជា,855,AS,Phnom Penh,KHR,km,,,,,,,,,,,,,,,,,,,,,,,
KI,KIR,Kiribati,Kiribati,686,OC,South Tarawa,AUD,en,,,,,,,,,,,,,,,,,,,,,,,
KM,COM,Comoros,Komori,269,AF,Moroni,KMF,ar,fr,,,,,,,,,,,,,,,,,,,,,,
KN,KNA,Saint Kitts and Nevis,Saint Kitts and Nevis,1869,NA,Basseterre,XCD,en,,,,,,,,,,,,,,,,,,,,,,,
KP,PRK,North Korea,북한,850,AS,Pyongyang,KPW,ko,,,,,,,,,,,,,,,,,,,,,,,
KR,KOR,South Korea,대한민국,82,AS,Seoul,KRW,ko,,,,,,,,,,,,,,,,,,,,,,,
KW,KWT,Kuwait,الكويت,965,AS,Kuwait City,KWD,ar,,,,,,,,,,,,,,,,,,,,,,,
KY,CYM,Cayman Islands,Cayman Islands,1345,NA,George Town,KYD,en,,,,,,,,,,,,,,,,,,,,,,,
KZ,KAZ,Kazakhstan,Қазақстан,7,AS,Astana,KZT,kk,ru,,,,AS,EU,,,,,,,,,,,,,,,,,
LA,LAO,Laos,ສປປລາວ,856,AS,Vientiane,LAK,lo,,,,,,,,,,,,,,,,,,,,,,,
LB,LBN,Lebanon,لبنان,961,AS,Beirut,LBP,ar,fr,,,,,,,,,,,,,,,,,,,,,,
LC,LCA,Saint Lucia,Saint Lucia,1758,NA,Castries,XCD,en,,,,,,,,,,,,,,,,,,,,,,,
LI,LIE,Liechtenstein,Liechtenstein,423,EU,Vaduz,CHF,de,,,,,,,,,,,,,,,,,,,,,,,
LK,LKA,Sri Lanka,śrī laṃkāva,94,AS,Colombo,LKR,si,ta,,,,,,,,,,,,,,,,,,,,,,
LR,LBR,Liberia,Liberia,231,AF,Monrovia,LRD,en,,,,,,,,,,,,,,,,,,,,,,,
LS,LSO,Lesotho,Lesotho,266,AF,Maseru,LSL,en,st,,,,,,ZAR,,,,,,,,,,,,,,,,
LT,LTU,Lithuania,Lietuva,370,EU,Vilnius,EUR,lt,,,,,,,,,,,,,,,,,,,,,,,
LU,LUX,Luxembourg,Luxembourg,352,EU,Luxembourg,EUR,fr,de,lb,,,,,,,,,,,,,,,,,,,,,
LV,LVA,Latvia,Latvija,371,EU,Riga,EUR,lv,,,,,,,,,,,,,,,,,,,,,,,
LY,LBY,Libya,‏ليبيا,218,AF,Tripoli,LYD,ar,,,,,,,,,,,,,,,,,,,,,,,
MA,MAR,Morocco,المغرب,212,AF,Rabat,MAD,ar,,,,,,,,,,,,,,,,,,,,,,,
MC,MCO,Monaco,Monaco,377,EU,Monaco,EUR,fr,,,,,,,,,,,,,,,,,,,,,,,
MD,MDA,Moldova,Moldova,373,EU,Chișinău,MDL,ro,,,,,,,,,,,,,,,,,,,,,,,
ME,MNE,Montenegro,Црна Гора,382,EU,Podgorica,EUR,sr,bs,sq,hr,,,,,,,,,,,,,,,,,,,,
MF,MAF,Saint Martin,Saint-Martin,590,NA,Marigot,EUR,en,fr,nl,,,,,,,,,,,,,,,,,,,,,
MG,MDG,Madagascar,Madagasikara,261,AF,Antananarivo,MGA,fr,mg,,,,,,,,,,,,,,,,,,,,,,
MH,MHL,Marshall Islands,M̧ajeļ,692,OC,Majuro,USD,en,mh,,,,,,,,,,,,,,,,,,,,,,
MK,MKD,North Macedonia,Северна Македонија,389,EU,Skopje,MKD,mk,,,,,,,,,,,,,,,,,,,,,,,
ML,MLI,Mali,Mali,223,AF,Bamako,XOF,fr,,,,,,,,,,,,,,,,,,,,,,,
MM,MMR,Myanmar (Burma),မြန်မာ,95,AS,Naypyidaw,MMK,my,,,,,,,,,,,,,,,,,,,,,,,
MN,MNG,Mongolia,Монгол улс,976,AS,Ulan Bator,MNT,mn,,,,,,,,,,,,,,,,,,,,,,,
MO,MAC,Macao,澳門,853,AS,,MOP,zh,pt,,,,,,,,,,,,,,,,,,,,,,
MP,MNP,Northern Mariana Islands,Northern Mariana Islands,1670,OC,Saipan,USD,en,ch,,,,,,,,,,,,,,,,,,,,,,
MQ,MTQ,Martinique,Martinique,596,NA,Fort-de-France,EUR,fr,,,,,,,,,,,,,,,,,,,,,,,
MR,MRT,Mauritania,موريتانيا,222,AF,Nouakchott,MRU,ar,,,,,,,,,,,,,,,,,,,,,,,
MS,MSR,Montserrat,Montserrat,1664,NA,Plymouth,XCD,en,,,,,,,,,,,,,,,,,,,,,,,
MT,MLT,Malta,Malta,356,EU,Valletta,EUR,mt,en,,,,,,,,,,,,,,,,,,,,,,
MU,MUS,Mauritius,Maurice,230,AF,Port Louis,MUR,en,,,,,,,,,,,,,,,,,,,,,,,
MV,MDV,Maldives,Maldives,960,AS,Malé,MVR,dv,,,,,,,,,,,,,,,,,,,,,,,
MW,MWI,Malawi,Malawi,265,AF,Lilongwe,MWK,en,ny,,,,,,,,,,,,,,,,,,,,,,
MX,MEX,Mexico,México,52,NA,Mexico City,MXN,es,,,,,,,,,,,,,,,,,,,,,,,
MY,MYS,Malaysia,Malaysia,60,AS,Kuala Lumpur,MYR,ms,,,,,,,,,,,,,,,,,,,,,,,
MZ,MOZ,Mozambique,Moçambique,258,AF,Maputo,MZN,pt,,,,,,,,,,,,,,,,,,,,,,,
NA,NAM,Namibia,Namibia,264,AF,Windhoek,NAD,en,af,,,,,,ZAR,,,,,,,,,,,,,,,,
NC,NCL,New Caledonia,Nouvelle-Calédonie,687,OC,Nouméa,XPF,fr,,,,,,,,,,,,,,,,,,,,,,,
NE,NER,Niger,Niger,227,AF,Niamey,XOF,fr,,,,,,,,,,,,,,,,,,,,,,,
NF,NFK,Norfolk Island,Norfolk Island,672,OC,Kingston,AUD,en,,,,,,,,,,,,,,,,,,,,,,,
NG,NGA,Nigeria,Nigeria,234,AF,Abuja,NGN,en,,,,,,,,,,,,,,,,,,,,,,,
NI,NIC,Nicaragua,Nicaragua,505,NA,Managua,NIO,es,,,,,,,,,,,,,,,,,,,,,,,
NL,NLD,Netherlands,Nederland,31,EU,Amsterdam,EUR,nl,,,,,,,,,,,,,,,,,,,,,,,
NO,NOR,Norway,Norge,47,EU,Oslo,NOK,no,nb,nn,,,,,,,,,,,,,,,,,,,,,
NP,NPL,Nepal,नेपाल,977,AS,Kathmandu,NPR,ne,,,,,,,,,,,,,,,,,,,,,,,
NR,NRU,Nauru,Nauru,674,OC,Yaren,AUD,en,na,,,,,,,,,,,,,,,,,,,,,,
NU,NIU,Niue,Niuē,683,OC,Alofi,NZD,en,,,,,,,,,,,,,,,,,,,,,,,
NZ,NZL,New Zealand,New Zealand,64,OC,Wellington,NZD,en,mi,,,,,,,,,,,,,,,,,,,,,,
OM,OMN,Oman,عمان,968,AS,Muscat,OMR,ar,,,,,,,,,,,,,,,,,,,,,,,
PA,PAN,Panama,Panamá,507,NA,Panama City,PAB,es,,,,,,,USD,,,,,,,,,,,,,,,,
PE,PER,Peru,Perú,51,SA,Lima,PEN,es,,,,,,,,,,,,,,,,,,,,,,,
PF,PYF,French Polynesia,Polynésie française,689,OC,Papeetē,XPF,fr,,,,,,,,,,,,,,,,,,,,,,,
PG,PNG,Papua New Guinea,Papua Niugini,675,OC,Port Moresby,PGK,en,,,,,,,,,,,,,,,,,,,,,,,
PH,PHL,Philippines,Pilipinas,63,AS,Manila,PHP,en,tl,,,,,,,,,,,,,,,,,,,,,,
PK,PAK,Pakistan,Pakistan,92,AS,Islamabad,PKR,en,ur,,,,,,,,,,,,,,,,,,,,,,
PL,POL,Poland,Polska,48,EU,Warsaw,PLN,pl,,,,,,,,,,,,,,,,,,,,,,,
PM,SPM,Saint Pierre and Miquelon,Saint-Pierre-et-Miquelon,508,NA,Saint-Pierre,EUR,fr,,,,,,,,,,,,,,,,,,,,,,,
PN,PCN,Pitcairn Islands,Pitcairn Islands,64,OC,Adamstown,NZD,en,,,,,,,,,,,,,,,,,,,,,,,
PR,PRI,Puerto Rico,Puerto Rico,1787,NA,San Juan,USD,es,en,,,,,,,,,1939,,,,,,,,,,,,,
PS,PSE,Palestine,فلسطين,970,AS,Ramallah,ILS,ar,,,,,,,,,,,,,,,,,,,,,,,
PT,PRT,Portugal,Portugal,351,EU,Lisbon,EUR,pt,,,,,,,,,,,,,,,,,,,,,,,
PW,PLW,Palau,Palau,680,OC,Ngerulmud,USD,en,,,,,,,,,,,,,,,,,,,,,,,
PY,PRY,Paraguay,Paraguay,595,SA,Asunción,PYG,es,gn,,,,,,,,,,,,,,,,,,,,,,
QA,QAT,Qatar,قطر,974,AS,Doha,QAR,ar,,,,,,,,,,,,,,,,,,,,,,,
RE,REU,Reunion,La Réunion,262,AF,Saint-Denis,EUR,fr,,,,,,,,,,,,,,,,,,,,,,,
RO,ROU,Romania,România,40,EU,Bucharest,RON,ro,,,,,,,,,,,,,,,,,,,,,,,
RS,SRB,Serbia,Србија,381,EU,Belgrade,RSD,sr,,,,,,,,,,,,,,,,,,,,,,,
RU,RUS,Russia,Россия,7,AS,Moscow,RUB,ru,,,,,AS,EU,,,,,,,,,,,,,,,,,
RW,RWA,Rwanda,Rwanda,250,AF,Kigali,RWF,rw,en,fr,,,,,,,,,,,,,,,,,,,,,
SA,SAU,Saudi Arabia,المملكة العربية السعودية,966,AS,Riyadh,SAR,ar,,,,,,,,,,,,,,,,,,,,,,,
SB,SLB,Solomon Islands,Solomon Islands,677,OC,Honiara,SBD,en,,,,,,,,,,,,,,,,,,,,,,,
SC,SYC,Seychelles,Seychelles,248,AF,Victoria,SCR,fr,en,,,,,,,,,,,,,,,,,,,,,,
SD,SDN,Sudan,السودان,249,AF,Khartoum,SDG,ar,en,,,,,,,,,,,,,,,,,,,,,,
SE,SWE,Sweden,Sverige,46,EU,Stockholm,SEK,sv,,,,,,,,,,,,,,,,,,,,,,,
SG,SGP,Singapore,Singapore,65,AS,Singapore,SGD,en,ms,ta,zh,,,,,,,,,,,,,,,,,,,,
SH,SHN,Saint Helena,Saint Helena,290,AF,Jamestown,SHP,en,,,,,,,,,,,,,,,,,,,,,,,
SI,SVN,Slovenia,Slovenija,386,EU,Ljubljana,EUR,sl,,,,,,,,,,,,,,,,,,,,,,,
SJ,SJM,Svalbard and Jan Mayen,Svalbard og Jan Mayen,4779,EU,Longyearbyen,NOK,no,,,,,,,,,,,,,,,,,,,,,,,
SK,SVK,Slovakia,Slovensko,421,EU,Bratislava,EUR,sk,,,,,,,,,,,,,,,,,,,,,,,
SL,SLE,Sierra Leone,Sierra Leone,232,AF,Freetown,SLL,en,,,,,,,,,,,,,,,,,,,,,,,
SM,SMR,San Marino,San Marino,378,EU,City of San Marino,EUR,it,,,,,,,,,,,,,,,,,,,,,,,
SN,SEN,Senegal,Sénégal,221,AF,Dakar,XOF,fr,,,,,,,,,,,,,,,,,,,,,,,
SO,SOM,Somalia,Soomaaliya,252,AF,Mogadishu,SOS,so,ar,,,,,,,,,,,,,,,,,,,,,,
SR,SUR,Suriname,Suriname,597,SA,Paramaribo,SRD,nl,,,,,,,,,,,,,,,,,,,,,,,
SS,SSD,South Sudan,South Sudan,211,AF,Juba,SSP,en,,,,,,,,,,,,,,,,,,,,,,,
ST,STP,Sao Tome and Principe,São Tomé e Príncipe,239,AF,São Tomé,STN,pt,,,,,,,,,,,,,,,,,,,,,,,
SV,SLV,El Salvador,El Salvador,503,NA,San Salvador,SVC,es,,,,,,,USD,,,,,,,,,,,,,,,,
SX,SXM,Sint Maarten,Sint Maarten,1721,NA,Philipsburg,ANG,nl,en,,,,,,,,,,,,,,,,,,,,,,
SY,SYR,Syria,سوريا,963,AS,Damascus,SYP,ar,,,,,,,,,,,,,,,,,,,,,,,
SZ,SWZ,Eswatini,Eswatini,268,AF,Lobamba,SZL,en,ss,,,,,,,,,,,,,,,,,,,,,,
TC,TCA,Turks and Caicos Islands,Turks and Caicos Islands,1649,NA,Cockburn Town,USD,en,,,,,,,,,,,,,,,,,,,,,,,
TD,TCD,Chad,Tchad,235,AF,N'Djamena,XAF,fr,ar,,,,,,,,,,,,,,,,,,,,,,
TF,ATF,French Southern Territories,Territoire des Terres australes et antarctiques fr,262,AN,Port-aux-Français,EUR,fr,,,,,,,,,,,,,,,,,,,,,,,
TG,TGO,Togo,Togo,228,AF,Lomé,XOF,fr,,,,,,,,,,,,,,,,,,,,,,,
TH,THA,Thailand,ประเทศไทย,66,AS,Bangkok,THB,th,,,,,,,,,,,,,,,,,,,,,,,
TJ,TJK,Tajikistan,Тоҷикистон,992,AS,Dushanbe,TJS,tg,ru,,,,,,,,,,,,,,,,,,,,,,
TK,TKL,Tokelau,Tokelau,690,OC,Fakaofo,NZD,en,,,,,,,,,,,,,,,,,,,,,,,
TL,TLS,East Timor,Timor-Leste,670,OC,Dili,USD,pt,,,,,,,,,,,,,,,,,,,,,,,
TM,TKM,Turkmenistan,Türkmenistan,993,AS,Ashgabat,TMT,tk,ru,,,,,,,,,,,,,,,,,,,,,,
TN,TUN,Tunisia,تونس,216,AF,Tunis,TND,ar,,,,,,,,,,,,,,,,,,,,,,,
TO,TON,Tonga,Tonga,676,OC,Nuku'alofa,TOP,en,to,,,,,,,,,,,,,,,,,,,,,,
TR,TUR,Turkey,Türkiye,90,AS,Ankara,TRY,tr,,,,,AS,EU,,,,,,,,,,,,,,,,,
TT,TTO,Trinidad and Tobago,Trinidad and Tobago,1868,NA,Port of Spain,TTD,en,,,,,,,,,,,,,,,,,,,,,,,
TV,TUV,Tuvalu,Tuvalu,688,OC,Funafuti,AUD,en,,,,,,,,,,,,,,,,,,,,,,,
TW,TWN,Taiwan,臺灣,886,AS,Taipei,TWD,zh,,,,,,,,,,,,,,,,,,,,,,,
TZ,TZA,Tanzania,Tanzania,255,AF,Dodoma,TZS,sw,en,,,,,,,,,,,,,,,,,,,,,,
UA,UKR,Ukraine,Україна,380,EU,Kyiv,UAH,uk,,,,,,,,,,,,,,,,,,,,,,,
UG,UGA,Uganda,Uganda,256,AF,Kampala,UGX,en,sw,,,,,,,,,,,,,,,,,,,,,,
UM,UMI,U.S. Minor Outlying Islands,United States Minor Outlying Islands,1,OC,,USD,en,,,,,,,,,,,,,,,,,,,,,,,
US,USA,United States,United States,1,NA,Washington D.C.,USD,en,,,,,,,USN,,USS,,,,,,,,,,,,,,
UY,URY,Uruguay,Uruguay,598,SA,Montevideo,UYI,es,,,,,,,UYU,,,,,,,,,,,,,,,,
UZ,UZB,Uzbekistan,O'zbekiston,998,AS,Tashkent,UZS,uz,ru,,,,,,,,,,,,,,,,,,,,,,
VA,VAT,Vatican City,Vaticano,379,EU,Vatican City,EUR,it,la,,,,,,,,,,,,,,,,,,,,,,
VC,VCT,Saint Vincent and the Grenadines,Saint Vincent and the Grenadines,1784,NA,Kingstown,XCD,en,,,,,,,,,,,,,,,,,,,,,,,
VE,VEN,Venezuela,Venezuela,58,SA,Caracas,VES,es,,,,,,,,,,,,,,,,,,,,,,,
VG,VGB,British Virgin Islands,British Virgin Islands,1284,NA,Road Town,USD,en,,,,,,,,,,,,,,,,,,,,,,,
VI,VIR,U.S. Virgin Islands,United States Virgin Islands,1340,NA,Charlotte Amalie,USD,en,,,,,,,,,,,,,,,,,,,,,,,
VN,VNM,Vietnam,Việt Nam,84,AS,Hanoi,VND,vi,,,,,,,,,,,,,,,,,,,,,,,
VU,VUT,Vanuatu,Vanuatu,678,OC,Port Vila,VUV,bi,en,fr,,,,,,,,,,,,,,,,,,,,,
WF,WLF,Wallis and Futuna,Wallis et Futuna,681,OC,Mata-Utu,XPF,fr,,,,,,,,,,,,,,,,,,,,,,,
WS,WSM,Samoa,Samoa,685,OC,Apia,WST,sm,en,,,,,,,,,,,,,,,,,,,,,,
XK,XKX,Kosovo,Republika e Kosovës,377,EU,Pristina,EUR,sq,sr,,,,,,,,,381,383,386,true,,,,,,,,,,
YE,YEM,Yemen,اليَمَن,967,AS,Sana'a,YER,ar,,,,,,,,,,,,,,,,,,,,,,,
YT,MYT,Mayotte,Mayotte,262,AF,Mamoudzou,EUR,fr,,,,,,,,,,,,,,,,,,,,,,,
ZA,ZAF,South Africa,South Africa,27,AF,Pretoria,ZAR,af,en,nr,st,,,,,ss,,,,,,tn,ts,ve,xh,zu,,,,,
ZM,ZMB,Zambia,Zambia,260,AF,Lusaka,ZMW,en,,,,,,,,,,,,,,,,,,,,,,,
ZW,ZWE,Zimbabwe,Zimbabwe,263,AF,Harare,USD,en,sn,nd,,,,,ZAR,,BWP,,,,,,,,,,GBP,AUD,CNY,INR,JPY
